Year,"Fitness Club, Monthly Fee for 1 Adult",Tennis Court Rent (1 Hour on Weekend),"Cinema, International Release, 1 Seat"
2023,5771.08,2278.82,800.00
2022,5947.37,-,850.00
2021,5730.77,1750.00,700.00
2020,5441.18,-,800.00
2019,5522.49,802.38,800.00
2018,6650.00,780.00,800.00
2017,5472.22,500.00,700.00
2016,6194.44,660.00,600.00
2015,7045.45,-,800.00
2014,7509.36,766.67,500.00
2013,-,-,-
2012,6835.20,915.00,500.00
